{"real": {"pos": 40.79207920792079, "neg": 59.20792079207921}, "training": {"pos": 40.7040704070407, "neg": 59.2959295929593}, "test": {"pos": 41.584158415841586, "neg": 58.415841584158414}, "test_after": {"pos": 37.62376237623762, "neg": 62.37623762376238}, "all_data": {"pos": 31.18811881188119, "neg": 68.8118811881188}}