{"real": {"pos": 40.79207920792079, "neg": 59.20792079207921}, "training": {"pos": 40.5940594059406, "neg": 59.4059405940594}, "test": {"pos": 41.584158415841586, "neg": 58.415841584158414}, "test_after": {"pos": 31.683168316831683, "neg": 68.31683168316832}, "all_data": {"pos": 28.910891089108908, "neg": 71.08910891089108}}