{"real": {"pos": 40.89108910891089, "neg": 59.1089108910891}, "training": {"pos": 40.45261669024045, "neg": 59.54738330975955}, "test": {"pos": 41.914191419141915, "neg": 58.08580858085809}, "test_after": {"pos": 34.65346534653465, "neg": 65.34653465346535}, "all_data": {"pos": 31.485148514851485, "neg": 68.51485148514853}}