{"real": {"pos": 40.79207920792079, "neg": 59.20792079207921}, "training": {"pos": 40.5940594059406, "neg": 59.4059405940594}, "test": {"pos": 41.584158415841586, "neg": 58.415841584158414}, "test_after": {"pos": 34.65346534653465, "neg": 65.34653465346535}, "all_data": {"pos": 32.67326732673268, "neg": 67.32673267326733}}