{"real": {"pos": 40.24024024024024, "neg": 59.75975975975976}, "training": {"pos": 39.92490613266583, "neg": 60.075093867334175}, "test": {"pos": 41.5, "neg": 58.5}, "test_after": {"pos": 31.0, "neg": 69.0}, "all_data": {"pos": 30.83083083083083, "neg": 69.16916916916917}}